date_grid,NCP,run,datenum,loess_ncp,NCP_q05,NCP_q95
2020-02-01,-23.2766346675081,with entrainment,18293,5.961198468351048,-49.35619457206788,15.512428451196998
2020-02-11,-35.47113612346958,with entrainment,18303,5.833793091292693,-54.10479483492377,2.971638454484786
2020-02-21,-25.43858931901658,with entrainment,18313,5.703065636421215,-54.73412414265329,6.644311381625419
2020-03-02,-15.800616526327417,with entrainment,18323,5.570662922593087,-48.921415674738824,20.02482104706918
2020-03-12,4.058451556422776,with entrainment,18333,5.438231768664783,-33.344012294197064,36.09794492432941
2020-03-22,20.289275743743445,with entrainment,18343,5.307418993492775,-7.529587117048608,53.90374775047821
2020-04-01,24.114320321419818,with entrainment,18353,5.179871415933539,-7.843210515678332,55.555587780050516
2020-04-11,39.514389788091854,with entrainment,18363,5.057235854843542,2.76012139206075,75.62929893242881
2020-04-21,38.33028577561006,with entrainment,18373,4.941159129079262,5.716078447825115,75.5794726520996
2020-05-01,39.03623555948992,with entrainment,18383,4.833288057497172,4.502299101765004,71.01379836440007
2020-05-11,23.597152937504198,with entrainment,18393,4.7352694589537405,-9.412214695143588,54.67509328931929
2020-05-21,16.209827455437026,with entrainment,18403,4.648750152305444,-12.946698294270632,49.44018413717924
2020-05-31,16.92592486073905,with entrainment,18413,4.575376956408756,-12.845305526454393,50.627003041161224
2020-06-10,24.65797528360745,with entrainment,18423,4.516796690120147,-9.483424553864234,55.90010140822822
2020-06-20,11.324185369821937,with entrainment,18433,4.4771853279146665,-18.262293230357564,37.31971732662393
2020-06-30,7.052250182042641,with entrainment,18443,4.457054437355145,-18.27860846288932,32.25745698938249
2020-07-10,4.308888811708671,with entrainment,18453,4.452554226929733,-21.952919111964295,33.42111108386997
2020-07-20,18.927047886651163,with entrainment,18463,4.45983490512658,-4.17932972097342,40.7108678197824
2020-07-30,20.46284340372971,with entrainment,18473,4.475046680433833,-3.0207943544450195,40.6348848388745
2020-08-09,21.90595029565268,with entrainment,18483,4.494339761339642,-1.3361328360080618,49.883246489915926
2020-08-19,1.0459424774247978,with entrainment,18493,4.513864356332157,-23.062081059654652,26.431071407092436
2020-08-29,2.752707508403094,with entrainment,18503,4.529770673899527,-18.99059551293006,29.173764257917206
2020-09-08,-9.084541334609481,with entrainment,18513,4.5382089225299005,-33.571325171960595,20.414331099272836
2020-09-18,-11.951513266376836,with entrainment,18523,4.535329310711427,-39.62129433547949,20.738200661307292
2020-09-28,-16.04401090978048,with entrainment,18533,4.517282046932256,-40.92253631088588,8.857039045710227
2020-10-08,-23.124679409213698,with entrainment,18543,4.480217339680535,-50.58222980173836,2.3782479426457157
2020-10-18,-39.043606420818584,with entrainment,18553,4.420285397444415,-55.01679144164779,-9.859218581483551
2020-10-28,-51.794274920449325,with entrainment,18563,4.347984877447313,-57.80927866185743,-29.050596094139685
2020-11-07,-48.472645531214475,with entrainment,18573,4.2759067577530825,-57.37620244356758,-24.33766302630279
2020-11-17,-20.073884870800256,with entrainment,18583,4.2033397281105165,-42.450321676530926,5.667387401992713
2020-11-27,-14.776756938468434,with entrainment,18593,4.129572478268413,-35.994633237736046,5.150611107140396
2020-12-07,-11.067553562567761,with entrainment,18603,4.053893697975568,-28.185755533174927,7.615551637042181
2020-12-17,-8.705372671763575,with entrainment,18613,3.97559207698078,-32.57635983413663,8.798805124033652
2020-12-27,-1.8015050215435253,with entrainment,18623,3.8939563050328436,-19.189379627642243,17.409700271759178
2021-01-06,-5.30675834067992,with entrainment,18633,3.808275071880556,-19.151692532825727,7.743767495575141
2021-01-16,-3.6519844900529295,with entrainment,18643,3.7178370672727135,-18.415423620907315,12.912209005959108
2021-01-26,-2.9242622765088,with entrainment,18653,3.6219309809581137,-17.35948576445713,12.551803003078232
2021-02-05,0.7066515787441915,with entrainment,18663,3.5198455026855515,-13.657072044118978,15.68984998930337
2021-02-15,-3.0987155641780646,with entrainment,18673,3.4108693222038244,-17.681702989564624,10.042027508693225
2021-02-25,-2.7586455602524533,with entrainment,18683,3.2942911292617283,-19.084367323973563,12.452914325864837
2021-03-07,-1.4952604362040205,with entrainment,18693,3.169399613608061,-15.55836109436497,12.39993134294079
2021-03-17,-4.977782483306145,with entrainment,18703,3.0504403323326246,-21.616565998818793,9.463707619094818
2021-03-27,6.344111368103405,with entrainment,18713,2.9506353152072196,-8.807133862091568,24.235270714166482
2021-04-06,6.027022009008235,with entrainment,18723,2.8677379610036398,-11.240630964901962,23.46849954634917
2021-04-16,23.195711215445296,with entrainment,18733,2.7995016684936807,6.050788765169926,39.64652648946268
2021-04-26,27.078674163911312,with entrainment,18743,2.743679836449135,12.3312721019166,43.4709016290184
2021-05-06,33.38749286688396,with entrainment,18753,2.698025863641798,16.08686154341536,51.14260116797785
2021-05-16,27.910957329719402,with entrainment,18763,2.660293148843463,11.935282857689552,45.58603774050096
2021-05-26,20.53055370170116,with entrainment,18773,2.6282350908259255,3.6487366615952137,34.854670970480406
2021-06-05,36.04482380893548,with entrainment,18783,2.599605088360978,20.418150729228554,52.53562690233889
2021-06-15,32.60212803294624,with entrainment,18793,2.572156540220415,16.01949919533109,46.359744734586876
2021-06-25,30.33904541278583,with entrainment,18803,2.543642845176032,15.893382934451727,45.2620265871877
2021-07-05,16.483533539356255,with entrainment,18813,2.511817401999622,3.35365173610009,29.731081701054883
2021-07-15,22.469831003368217,with entrainment,18823,2.4744336094629786,6.2596528154687014,35.036005250815926
2021-07-25,15.783746817393316,with entrainment,18833,2.3767120644752238,3.2248475072150313,27.262086052707577
2021-08-04,10.12567507418448,with entrainment,18843,2.176860142384036,-6.151975158663647,23.400755547107433
2021-08-14,5.72850099960323,with entrainment,18853,1.892111409619049,-8.319767885177646,20.527912681487212
2021-08-24,4.442246697665394,with entrainment,18863,1.5396994326098956,-8.191460259022346,17.319277206170646
2021-09-03,0.8139261629046188,with entrainment,18873,1.136857777786209,-15.151393316044487,15.640801444147055
2021-09-13,-11.703157564841963,with entrainment,18883,0.700820011577622,-24.77398478970346,5.068780121509703
2021-09-23,-15.200292517916273,with entrainment,18893,0.24881970041376755,-33.87184972528038,1.0324490250606488
2021-10-03,-15.561498560208927,with entrainment,18903,-0.20190958927572072,-35.04747656472941,1.9493983202587222
2021-10-13,-10.929638297845036,with entrainment,18913,-0.6341342910612114,-26.853352257887558,4.101544949584142
2021-10-23,-10.319429526407138,with entrainment,18923,-1.0306208385130693,-27.395208095078637,7.6784323228921165
2021-11-02,-24.69824264165492,with entrainment,18933,-1.374135665201663,-45.06076279635511,-7.42259721702848
2021-11-12,-19.47122779950919,with entrainment,18943,-1.647445204697359,-35.586885461676495,2.2397349295999414
2021-11-22,-29.811809535294326,with entrainment,18953,-1.833315890570524,-46.59897617353282,-9.037537478064648
2021-12-02,-29.516457389888927,with entrainment,18963,-1.9145141563915251,-47.11647180925041,-8.903993883665365
2021-12-12,-26.732150536355345,with entrainment,18973,-1.8793328867110761,-45.146657701230076,-8.095306008495202
2021-12-22,-17.60779251220779,with entrainment,18983,-1.7402546593323502,-37.38203455993461,-2.7035001088461743
2022-01-01,-9.483122882115604,with entrainment,18993,-1.5163304477044042,-27.394959872983772,6.549106519246351
2022-01-11,-14.380797285518739,with entrainment,19003,-1.2266112252762957,-31.59670460403601,7.429102821877548
2022-01-21,-20.296426381675268,with entrainment,19013,-0.8901479654970816,-41.0740930463424,2.0239135234768004
2022-01-31,-19.87696409302684,with entrainment,19023,-0.5259916418158188,-45.58281623815545,1.1029701198600785
2022-02-10,-23.482306053789255,with entrainment,19033,-0.1531932276815644,-49.20927396536926,2.6712536655355454
2022-02-20,-19.280859843339655,with entrainment,19043,0.20919630345662468,-38.14433367507245,0.2702267446711503
2022-03-02,-11.885764606997713,with entrainment,19053,0.5421259781496908,-35.998825067855776,11.555500799005973
2022-03-12,3.9306857485716717,with entrainment,19063,0.8265448229485778,-15.70664582295359,24.261918749647023
2022-03-22,17.8683350740045,with entrainment,19073,1.043401864404228,-2.5978315334839146,41.07669706309269
2022-04-01,24.51540285866423,with entrainment,19083,1.1736461290675844,-0.5519659993160896,45.91896488359748
2022-04-11,27.519640562460836,with entrainment,19093,1.1982266434895898,7.185027036820039,50.49695833660765
2022-04-21,37.4714341941877,with entrainment,19103,1.1547594027498536,13.573098506699935,60.1339955396355
2022-05-01,28.78682732520598,with entrainment,19113,1.0965144725662406,4.507609824127902,53.585834101997705
2022-05-11,20.334741954788335,with entrainment,19123,1.0279219854470791,-0.7518867829893054,43.812006515387665
2022-05-21,14.45611621102292,with entrainment,19133,0.9534120739006969,-8.445228892731206,35.17739707016646
2022-05-31,22.815080746182552,with entrainment,19143,0.8774148704354223,-0.7573511532349819,48.2345346174356
2022-06-10,25.02962480277232,with entrainment,19153,0.8043605075595827,4.683096880498402,46.8049258590442
2022-06-20,20.288011223917355,with entrainment,19163,0.7386791177815065,1.2692311624225183,44.72619293612341
2022-06-30,17.345655095932706,with entrainment,19173,0.6848008336095214,-4.776839820939497,42.21074641321229
2022-07-10,27.374885030823503,with entrainment,19183,0.6471557875519554,4.002888903003849,48.80738907815709
2022-07-20,22.236063916068773,with entrainment,19193,0.6301741121171363,1.7659908776506852,40.75688286801702
2022-07-30,21.589803579242442,with entrainment,19203,0.6382859398133924,2.7062323981299268,41.375806911055626
2022-08-09,1.947092679415355,with entrainment,19213,0.6759214031490514,-15.792568472311444,25.20187014877557
2022-08-19,2.207514564053778,with entrainment,19223,0.7475106346324413,-17.762686720289523,20.82312060060143
2022-08-29,-1.3669745714555201,with entrainment,19233,0.85748376677189,-22.94852716139335,20.637634832313115
2022-09-08,14.951311288118895,with entrainment,19243,0.9252548449306278,-5.176383706260422,33.469440504589265
2022-09-18,5.0224716826737,with entrainment,19253,0.8814814739283177,-17.111087180793323,28.131953610480974
2022-09-28,-6.9263658986814,with entrainment,19263,0.7474591254579364,-27.52709158425305,9.760404227907014
2022-10-08,-31.737788203669563,with entrainment,19273,0.5444832712124612,-53.06931165919454,-9.944250625572723
2022-10-18,-16.63117865059629,with entrainment,19283,0.293849382884869,-40.84154401035318,3.0511063470684547
2022-10-28,-10.561867209225497,with entrainment,19293,0.016852932168136783,-28.572692314343612,8.681289395298137
2022-11-07,-21.674173397293373,with entrainment,19303,-0.2652106092447587,-40.520536583907415,-2.1389400740454323
2022-11-17,-41.81744552751299,with entrainment,19313,-0.5310457696608403,-55.75761292268912,-22.87898043429751
2022-11-27,-31.30370179488969,with entrainment,19323,-0.7593570773871308,-50.0770835935929,-10.082889395788719
2022-12-07,-23.71849983705396,with entrainment,19333,-0.9288490607306539,-41.45054294320502,-6.768455437304824
2022-12-17,-26.852542884365135,with entrainment,19343,-1.018226247998432,-43.59264588177745,-8.586940457535697
2022-12-27,-26.63315203513656,with entrainment,19353,-1.0061931674974884,-43.979439301115,-8.528323600532152
2023-01-06,-20.334071237144165,with entrainment,19363,-0.8714543475348462,-38.69297329760386,-2.2169378739164753
2023-01-16,-5.082110401680858,with entrainment,19373,-0.5674670933300048,-24.437692799726133,12.446745217240926
2023-01-26,-13.608125138050335,with entrainment,19383,-0.08139653075861977,-31.065598079159066,3.718761236157149
2023-02-05,-9.433320087570584,with entrainment,19393,0.5574910808880521,-25.72128030818454,7.9918960537254
2023-02-15,-5.00534358233877,with entrainment,19403,1.319929482318754,-23.803230448223694,11.063866948225218
2023-02-25,2.1189539484606157,with entrainment,19413,2.1766524142422288,-18.341145311207804,21.550621370695204
2023-03-07,1.3446321530085938,with entrainment,19423,3.0983936173672197,-16.133513712053194,19.249596731412296
2023-03-17,1.317479374090766,with entrainment,19433,4.0558868324024715,-16.227390819895515,18.46755838562242
2023-03-27,3.272017510498789,with entrainment,19443,5.019865800056723,-12.942748836188573,18.43321654130235
2023-04-06,15.51229162313768,with entrainment,19453,5.9610642610387234,0.30503329340105856,30.20798831006248
2023-04-16,21.919444657747984,with entrainment,19463,6.850215956057212,6.953630128010657,35.725097419806936
2023-04-26,26.785303638351856,with entrainment,19473,7.658054625820933,13.826975283939435,37.7973556770155
2023-05-06,19.215806618272453,with entrainment,19483,8.355314011038628,4.732215938001461,33.7173021090857
2023-05-16,18.517803528222892,with entrainment,19493,8.91272785241904,6.321934763402375,33.495144374424235
2023-05-26,30.556749157547888,with entrainment,19503,9.301029890670916,16.37726484679476,42.838195894716364
2023-06-05,36.59608241038342,with entrainment,19513,9.578003265334832,19.713624193664362,50.98507325666406
2023-06-15,28.08000924493078,with entrainment,19523,9.823653470879872,17.23576713137418,42.67149436065539
2023-06-25,10.339085414603362,with entrainment,19533,10.042047780407538,0.22371097817806132,24.397219442890442
2023-07-05,7.688450094393277,with entrainment,19543,10.237253467019327,-4.586254076577906,21.113996559718615
2023-07-15,14.474189422376412,with entrainment,19553,10.413337803816745,3.8160594431807358,24.004875723875905
2023-07-25,28.40549103990313,with entrainment,19563,10.574368063901284,17.191128461682634,39.65546726301059
2023-08-04,38.468958689123824,with entrainment,19573,10.72441152037445,27.563956227654682,50.095582316612564
2023-08-14,48.19563964352475,with entrainment,19583,10.86753544633774,35.51984063184457,61.68624864871042
2023-08-24,36.60453023829321,with entrainment,19593,11.007807114892659,18.82681537983774,54.68719545544076
2023-09-03,28.936059266733256,with entrainment,19603,11.149293799140702,13.202855802255701,44.35907795081257
2023-09-13,10.26306645062178,with entrainment,19613,11.296062772183372,-8.118014845986206,27.17173762756218
2023-09-23,10.639747082613042,with entrainment,19623,11.452181307122167,-12.715271787124173,32.65571326379257
2023-10-03,-0.09352289705009653,with entrainment,19633,11.62171667705859,-23.801889283223034,22.95617543015177
2023-10-13,7.365410372651015,with entrainment,19643,11.75488159638423,-15.8700669306701,37.439487491904146
2023-10-23,0.510042773947621,with entrainment,19653,11.806657770898928,-27.146626593839848,25.09302277822
2023-11-02,-5.082502281077396,with entrainment,19663,11.788265960816531,-37.50509739537106,27.464737483321603
2023-11-12,0.8564267593746777,with entrainment,19673,11.710926926350904,-34.386349984672464,32.3419285078656
2023-11-22,26.173002434830376,with entrainment,19683,11.585861427715898,0.10646302731337144,53.92595808412466
2023-12-02,5.6759565843437585,with entrainment,19693,11.424290225125374,-28.07511312914963,35.935580279816165
2023-12-12,-5.345260476816548,with entrainment,19703,11.237434078793193,-34.66993974841018,27.17481601146082
2023-12-22,-18.46048462498624,with entrainment,19713,11.036513748933206,-45.48849864806438,10.967747517952054
2024-01-01,-0.7859315885650249,with entrainment,19723,10.832749995759274,-29.914842143871155,29.799258387549234
2024-01-11,-11.584412480851995,with entrainment,19733,10.637363579485253,-40.33156213317512,27.26267848295035
2024-01-21,-30.382411193389892,with entrainment,19743,10.461575260325002,-55.100393466117886,8.597280376097359
2024-01-31,-45.362377592933356,with entrainment,19753,10.316605798492379,-55.4204923156786,-18.495600410021602
2024-02-10,-42.054551916563454,with entrainment,19763,10.213675954201237,-56.226365272453414,-7.670123508572845
2024-02-20,-17.54712049509008,with entrainment,19773,10.164006487665441,-50.63619321523039,14.550905794024231
2024-03-01,-8.374506123507805,with entrainment,19783,10.179714963659295,-32.365947708807546,22.139505253993363
2024-03-11,8.59878716597201,with entrainment,19793,10.257690990979219,-22.084785043412626,37.2976728505904
2024-03-21,9.492643434214338,with entrainment,19803,10.386313395872236,-14.515774919008443,36.34995932579337
2024-03-31,19.94865975850563,with entrainment,19813,10.553961004585366,-4.851820571788858,40.359846434628174
2024-04-10,25.887759582025296,with entrainment,19823,10.749012643365633,7.183106010125568,45.556378532477346
2024-04-20,27.509231479875513,with entrainment,19833,10.959847138460058,4.893343642766963,47.67322015039584
2024-04-30,29.493510079913886,with entrainment,19843,11.17484331611566,10.272178109566628,49.071872399471815
2024-05-10,24.99317054119039,with entrainment,19853,11.382380002579467,9.344232989227653,38.02110838571604
2024-05-20,25.902522797631995,with entrainment,19863,11.570836024098497,13.329613948589673,39.87180549352445
2024-05-30,28.597673209987228,with entrainment,19873,11.72859020691977,15.863158464105128,42.132581519654046
2024-06-09,24.837534693605875,with entrainment,19883,11.844021377290314,15.937309229711573,34.20837030822551
2024-06-19,16.6575424190322,with entrainment,19893,11.905508361457143,8.827304917357363,23.876238676900098
2024-06-29,14.368946510368861,with entrainment,19903,11.901429985667283,6.796899472150883,20.821030491298238
2024-07-09,15.011279488329183,with entrainment,19913,11.820503865993912,8.692769570740836,21.15350199933751
2024-07-19,13.017368398650532,with entrainment,19923,11.668104502294252,6.2446506527790735,21.202037466264343
2024-07-29,11.377350199420784,with entrainment,19933,11.457596046491389,3.7888773747938322,18.721236528681526
2024-08-08,11.79079507298438,with entrainment,19943,11.202342650508413,3.033104092551628,18.88992590207243
2024-08-18,25.98448458048734,with entrainment,19953,10.915708466268416,17.618706096281837,34.83872887024414
2024-08-28,38.82471302131257,with entrainment,19963,10.611057645694483,28.32853286352762,48.140160331597514
2024-09-07,45.012264202154256,with entrainment,19973,10.301754340709707,33.58083027044051,57.5736486445209
2024-09-17,45.34766196228328,with entrainment,19983,10.001162703237174,30.677767007781714,59.99071001199759
2024-09-27,51.5370398934257,with entrainment,19993,9.72264688519997,34.12217477134445,69.43900274880802
2024-10-07,30.518030108779946,with entrainment,20003,9.47957103852119,13.700304072760222,49.08303060308647
2024-10-17,10.039158234808824,with entrainment,20013,9.28529931512392,-13.231250923407577,32.30723574539963
2024-10-27,11.508757141172364,with entrainment,20023,9.153195866931247,-19.629925065847655,41.09090895370007
2024-11-06,3.0375570645792465,with entrainment,20033,9.096624845866263,-25.395899463366632,35.44252016269639
2024-11-16,-18.126156223789057,with entrainment,20043,9.128950403852055,-49.177742658502325,14.068963749423807
2024-11-26,-24.11208248080314,with entrainment,20053,9.20555638112758,-52.117936324754275,16.234325473543755
2024-12-06,-28.635842068856,with entrainment,20063,9.275911078413431,-55.41087022123079,14.8189296223476
2024-12-16,-32.17085995009127,with entrainment,20073,9.344505338355138,-54.39826201055047,19.881772761165944
2024-12-26,-48.77382197738544,with entrainment,20083,9.415830003598236,-57.086264292570945,-2.0192444321371212
2025-01-05,-12.505308421729543,with entrainment,20093,9.494375916788268,-51.81615753832945,45.573931489647634
2025-01-15,-19.862990491509134,with entrainment,20103,9.584633920570765,-53.50167318484652,34.584946503630626
2025-01-25,-13.620465410539838,with entrainment,20113,9.691094857591262,-47.97293272632298,37.94342969343123
2025-02-04,-23.55940869699494,with entrainment,20123,9.818249570495299,-52.13869034459687,40.400535434320496
2025-02-14,-6.674981333030132,with entrainment,20133,9.97058890192841,-51.957848312914415,41.97047641077153
2025-02-24,-10.973926838941543,with entrainment,20143,10.152603694536129,-50.05458979325543,40.033797761554055
2025-03-06,-2.2107223943416785,with entrainment,20153,10.368784790963996,-49.474318260720814,49.446828129654975
2025-03-16,3.590575099889622,with entrainment,20163,10.623623033857543,-39.302670299468474,60.28683204482455
2025-03-26,26.568753570553575,with entrainment,20173,10.921609265862308,-23.217121138960113,71.88346182649529
2025-04-05,5.524206064716447,with entrainment,20183,11.244925773437945,-43.470468997389524,61.13850846146242
2025-04-15,15.722563364683669,with entrainment,20193,11.574887569994846,-23.958638579668126,48.14220845752959
2025-04-25,22.116951520526037,with entrainment,20203,11.914684588604656,-17.898088446738733,69.28054064609724
2025-05-05,47.8239675379002,with entrainment,20213,12.26750676233902,6.017592327443986,94.05503841096912
2025-05-15,50.471762320138716,with entrainment,20223,12.636544024269579,14.128113507808369,84.27449436306334
2025-05-25,26.43572293877819,with entrainment,20233,13.02498630746798,-0.5704784377970802,51.886381035341316
2025-06-04,18.207822766633143,with entrainment,20243,13.436023545005868,-2.8218668139715093,38.673647752577466
2025-06-14,14.037164155988554,with entrainment,20253,13.872845669954888,-3.4579316482348026,33.04385458577529
2025-06-24,21.57606994513402,with entrainment,20263,14.33864261538668,11.725400244393756,31.50787566553924
2025-07-04,21.374308564841765,with entrainment,20273,14.83660431437289,14.005132335547806,33.133842171298205
2025-07-14,10.14080969769093,with entrainment,20283,15.369920699985169,1.2346943855084005,20.446570061635764
2025-07-24,6.99366981502038,with entrainment,20293,15.941781705295151,-2.8628778353620885,17.246280991824058
2025-08-03,-1.1838744789646696,with entrainment,20303,16.555377263374485,-9.461983605416982,7.592672516495221
2025-08-13,11.717583788107575,with entrainment,20313,17.209061327225594,-0.6361387952856354,22.049982977134455
2025-08-23,20.100818139847608,with entrainment,20323,17.898218992100098,8.823286665913152,29.54387715756472
2025-09-02,27.732907844801517,with entrainment,20333,18.621586904443447,16.89131319807975,37.88028891720637
2025-09-12,30.433469827050278,with entrainment,20343,19.377901710701085,19.671217223832166,44.60681769760841
2025-09-22,28.258974242229108,with entrainment,20353,20.16590005731845,11.64140121344896,44.32221475570226
2025-10-02,34.14805274204369,with entrainment,20363,20.984318590741,14.634021327092821,54.908475903105526
2025-10-12,47.48569901378903,with entrainment,20373,21.831893957414167,20.876529569154474,68.94742980592794
2025-10-22,50.753749925979534,with entrainment,20383,22.7073628037834,17.990584420169455,80.90433967014259
2025-11-01,24.16955456621886,with entrainment,20393,23.609461776294147,-13.40595651278572,61.877912128754275
2025-11-11,35.620361313358714,with entrainment,20403,24.53692752139185,1.6577453538682,69.72935700585704
2025-11-21,-1.964212740230554,with entrainment,20413,25.488496685521955,-37.11866809298123,36.77044114554987
2025-12-01,-5.861273695984238,with entrainment,20423,26.462905915129905,-42.43835223349535,37.00860801920489
2025-12-11,-33.52713819919684,with entrainment,20433,27.458891856661147,-55.53955586332065,13.238512387233337
2020-02-01,-23.2766346675081,without entrainment,18293,5.958990564921222,-53.0474189123876,13.125528953496234
2020-02-11,-35.47113612346958,without entrainment,18303,5.816567850869625,-57.12267543137562,-0.23647040575028225
2020-02-21,-25.43858931901658,without entrainment,18313,5.671276123618196,-48.37213413103934,10.070340432428356
2020-03-02,-15.800616526327417,without entrainment,18323,5.524748879109604,-41.54795163700751,19.927641682319532
2020-03-12,4.058451556422776,without entrainment,18333,5.378619613286519,-30.717711105943298,43.393660187082496
2020-03-22,20.289275743743445,without entrainment,18343,5.234521822091609,-20.57910526395256,55.09940435674312
2020-04-01,24.114320321419818,without entrainment,18353,5.094089001467542,-7.52993239473687,55.75269816995369
2020-04-11,39.514389788091854,without entrainment,18363,4.958954647356984,6.083749794734903,72.155273637411
2020-04-21,38.33028577561006,without entrainment,18373,4.830752255702609,0.30894837322713953,73.64526589693779
2020-05-01,39.03623555948992,without entrainment,18383,4.711115322447082,2.6809142493475764,79.21656758332414
2020-05-11,23.597152937504198,without entrainment,18393,4.601677343533072,-11.462372011520396,53.750221706057
2020-05-21,16.209827455437026,without entrainment,18403,4.504071814903247,-14.513179362092675,47.15829967344597
2020-05-31,16.92592486073905,without entrainment,18413,4.419932232500277,-16.517770111685167,49.989195097116095
2020-06-10,24.65797528360745,without entrainment,18423,4.350892092266831,-5.467166465573753,53.56120339002731
2020-06-20,11.324185369821937,without entrainment,18433,4.301206036529843,-17.43241459475606,38.47610021478629
2020-06-30,7.052250182042641,without entrainment,18443,4.27146446860288,-14.971420520198603,32.5751866855252
2020-07-10,4.308888811708671,without entrainment,18453,4.257804525908552,-24.06353479274287,35.15913493290639
2020-07-20,18.927047886651163,without entrainment,18463,4.256363345869477,-2.4754570874832034,42.38542474669476
2020-07-30,20.46284340372971,without entrainment,18473,4.263278065908263,-2.5107144292603802,41.63394394463882
2020-08-09,21.90595029565268,without entrainment,18483,4.274685823447527,0.7111520598461972,46.54219424336374
2020-08-19,1.0459424774247978,without entrainment,18493,4.286723755909879,-20.60268929340175,24.017280791485774
2020-08-29,2.752707508403094,without entrainment,18503,4.2955290007179325,-24.12682369867777,31.005325946633278
2020-09-08,-9.084541334609481,without entrainment,18513,4.297238695294301,-35.03079053106891,13.87582985766238
2020-09-18,-11.951513266376836,without entrainment,18523,4.2879899770615975,-40.5236612090158,19.330100378967707
2020-09-28,-16.04401090978048,without entrainment,18533,4.263919983442436,-44.660162342634735,12.260970282227333
2020-10-08,-23.124679409213698,without entrainment,18543,4.2211658518594275,-46.510804085713325,6.29483853052705
2020-10-18,-39.043606420818584,without entrainment,18553,4.155864719735186,-54.720570053019095,-11.090515640334539
2020-10-28,-51.794274920449325,without entrainment,18563,4.078243146720316,-57.99443250646296,-27.220748703106302
2020-11-07,-48.472645531214475,without entrainment,18573,4.000696483150639,-58.110868874482755,-26.84996759810848
2020-11-17,-20.073884870800256,without entrainment,18583,3.922615052476589,-39.671535972533654,2.393142565107711
2020-11-27,-14.776756938468434,without entrainment,18593,3.843389178148599,-38.98865233317662,7.758702589150644
2020-12-07,-11.067553562567761,without entrainment,18603,3.7624091836171076,-32.3021654888871,6.991991057912855
2020-12-17,-8.705372671763575,without entrainment,18613,3.6790653923325483,-27.50427317077985,8.12147951295218
2020-12-27,-1.8015050215435253,without entrainment,18623,3.5927481277453563,-20.019856585670144,17.499567209106953
2021-01-06,-5.30675834067992,without entrainment,18633,3.5028477133059663,-20.538826915068437,12.226054633497778
2021-01-16,-3.6519844900529295,without entrainment,18643,3.4087544724648136,-16.85597178548757,13.726809126534787
2021-01-26,-2.9242622765088,without entrainment,18653,3.3098587286723338,-17.319987507490236,13.119879558438686
2021-02-05,0.7066515787441915,without entrainment,18663,3.2055508053789614,-16.700207064232163,16.992913927931248
2021-02-15,-3.0987155641780646,without entrainment,18673,3.095221026035132,-18.49109301301535,13.690922759267474
2021-02-25,-2.7614463475012085,without entrainment,18683,2.9782597140912785,-17.460400687112838,12.890136914422545
2021-03-07,-1.5830950025188373,without entrainment,18693,2.854057192997839,-18.032354171986704,14.6193172157963
2021-03-17,-5.090171889890536,without entrainment,18703,2.738367444693308,-21.006185041161604,9.855399738646677
2021-03-27,6.181828424324176,without entrainment,18713,2.6454452151239582,-10.473543102816842,22.807130825585798
2021-04-06,5.632108363062214,without entrainment,18723,2.5724319737518866,-12.202542906114255,22.699387155324114
2021-04-16,22.66274219829902,without entrainment,18733,2.5164691900391936,6.257249858088512,37.314676666262656
2021-04-26,26.23883247482548,without entrainment,18743,2.474698333447977,9.224793799045528,42.83746187394394
2021-05-06,32.437463800862595,without entrainment,18753,2.444260873440335,14.492109295594885,53.68130028083063
2021-05-16,26.604286795412115,without entrainment,18763,2.4222982794783663,9.6723642186369,42.66688704488091
2021-05-26,19.138626216107706,without entrainment,18773,2.40595202102417,3.0367808325293666,36.60399167006436
2021-06-05,35.14062681649707,without entrainment,18783,2.3923635675398445,18.319311666325564,48.40716521088161
2021-06-15,32.23680428161058,without entrainment,18793,2.378674388487488,14.31858961335413,50.74938586647846
2021-06-25,30.180942979665424,without entrainment,18803,2.3620259533291996,15.320814606026046,42.67897350149641
2021-07-05,16.058311215509114,without entrainment,18813,2.339559731527077,2.755003479401435,28.91020250226376
2021-07-15,21.979905942094774,without entrainment,18823,2.3084171925432195,7.43668243763582,37.84122459255694
2021-07-25,15.501696730924078,without entrainment,18833,2.2196730960081625,2.882831470152523,27.322293014513665
2021-08-04,10.12567507418448,without entrainment,18843,2.036684779644605,-4.524777713563531,25.163859557777656
2021-08-14,5.72850099960323,without entrainment,18853,1.7750175800528867,-10.293107856137656,19.59657946042317
2021-08-24,4.442246697665394,without entrainment,18863,1.4502368338333518,-9.694968185424546,17.237091973989966
2021-09-03,0.8139261629046188,without entrainment,18873,1.0779078775863422,-15.73791364230325,14.41254872472984
2021-09-13,-11.703157564841963,without entrainment,18883,0.6735960479121992,-23.619818007315725,2.4932014463545826
2021-09-23,-15.200292517916273,without entrainment,18893,0.25286668141126567,-30.97478531739481,3.2030335935979517
2021-10-03,-15.561498560208927,without entrainment,18903,-0.16871488531611645,-33.46318787430555,0.275488340027528
2021-10-13,-10.929638297845036,without entrainment,18913,-0.5755833156696062,-25.68810160251978,5.533663006287844
2021-10-23,-10.319429526407138,without entrainment,18923,-0.9521732730488595,-28.874191756982185,6.614527302773215
2021-11-02,-24.69824264165492,without entrainment,18933,-1.2829194208535357,-42.133866893154604,-3.362982707794938
2021-11-12,-19.717371989048605,without entrainment,18943,-1.5522564224832922,-40.00834613783894,-1.0868240076680333
2021-11-22,-30.24097205706902,without entrainment,18953,-1.744618941337787,-49.011994691825755,-11.203638826878986
2021-12-02,-29.803777343085937,without entrainment,18963,-1.8444416408166782,-44.201778472951624,-9.202629373393998
2021-12-12,-27.02773493881847,without entrainment,18973,-1.8418937199405048,-45.24286495271384,-8.127060178369902
2021-12-22,-17.86860815506038,without entrainment,18983,-1.748824023616439,-37.16990345624717,0.44289150669893573
2022-01-01,-9.648422393138564,without entrainment,18993,-1.582186684074088,-27.430494289336643,9.362866040665905
2022-01-11,-14.529948893734547,without entrainment,19003,-1.358935833543059,-34.61841316872444,4.885629307909255
2022-01-21,-20.37441230375428,without entrainment,19013,-1.09602560425296,-39.82020055623424,-0.03507591735865927
2022-01-31,-19.914923501152874,without entrainment,19023,-0.8104101284333975,-40.75780142991509,7.000842350053869
2022-02-10,-23.482306053789255,without entrainment,19033,-0.5190435383139789,-43.05602922233958,-1.735009077178011
2022-02-20,-19.280859843339655,without entrainment,19043,-0.2388799661243115,-39.671947816782904,-2.945490484004574
2022-03-02,-11.885764606997713,without entrainment,19053,0.01312645590599723,-34.83901943802061,11.787751133607859
2022-03-12,3.9306857485716717,without entrainment,19063,0.22002159554734052,-17.63154659458305,26.110606286854324
2022-03-22,17.8683350740045,without entrainment,19073,0.3648513205701106,-5.43360813982998,37.394455613558726
2022-04-01,24.51540285866423,without entrainment,19083,0.4306614987447005,3.573636254262492,42.44523886609025
2022-04-11,27.519640562460836,without entrainment,19093,0.40049799784150286,4.952352618322949,51.073076914639195
2022-04-21,37.39524282067673,without entrainment,19103,0.312022499146216,14.147566521281602,59.791464705139184
2022-05-01,28.386918845997343,without entrainment,19113,0.2162780606717802,7.763697549322899,50.41006847014473
2022-05-11,19.724256478191244,without entrainment,19123,0.11638261527945118,-1.0475344283053267,39.795467620182585
2022-05-21,14.204594569584975,without entrainment,19133,0.01545409583048482,-7.94916445222213,37.90943183575297
2022-05-31,22.815080746182552,without entrainment,19143,-0.08338956481386317,-0.6339265058993951,43.00376091870744
2022-06-10,25.02962480277232,without entrainment,19153,-0.17703043379233702,2.7732265219164836,46.57899558324362
2022-06-20,20.288011223917355,without entrainment,19163,-0.2623505782436809,-3.1884318363282262,38.561223900076556
2022-06-30,17.345655095932706,without entrainment,19173,-0.336232065306639,-5.009357529796005,37.08395547375642
2022-07-10,27.374885030823503,without entrainment,19183,-0.3955569621199557,4.647251382267102,49.61219981151529
2022-07-20,22.236063916068773,without entrainment,19193,-0.43720733582237503,2.25867007701045,44.595507271775546
2022-07-30,21.589803579242442,without entrainment,19203,-0.4580652535526413,4.455904976002197,40.23580140575818
2022-08-09,1.947092679415355,without entrainment,19213,-0.4550127824494987,-20.050997109212965,19.181484066840593
2022-08-19,1.4299558886105372,without entrainment,19223,-0.42493198965169143,-21.33236653728341,20.554610571126428
2022-08-29,-4.682120017228194,without entrainment,19233,-0.36470494229796385,-25.87785749621806,16.69619074865952
2022-09-08,10.158010268335262,without entrainment,19243,-0.327268533473937,-10.666764682983976,33.879481467438296
2022-09-18,-3.2631687441160757,without entrainment,19253,-0.36019295525711076,-23.447132450789326,20.209389411179743
2022-09-28,-16.416619015753557,without entrainment,19263,-0.45231022327404713,-40.546388760915825,2.6500184022750277
2022-10-08,-38.50891863062372,without entrainment,19273,-0.5924523531513087,-54.415796512911584,-17.306702347232513
2022-10-18,-21.688450092237343,without entrainment,19283,-0.7694513605154574,-43.00799975159321,-0.9630823856472869
2022-10-28,-17.24911510900485,without entrainment,19293,-0.9721392609930555,-37.10210092742146,2.5237909343040092
2022-11-07,-24.810577830052843,without entrainment,19303,-1.1893480702106651,-45.94168101294225,-3.8875164551849166
2022-11-17,-43.185182118886246,without entrainment,19313,-1.409909803794849,-57.510163695753185,-23.01442590182619
2022-11-27,-31.457427891589028,without entrainment,19323,-1.6226564773721686,-49.311408793029145,-14.00154425793321
2022-12-07,-23.71849983705396,without entrainment,19333,-1.8164201065691865,-42.51702367867657,-6.4254673360712395
2022-12-17,-26.852542884365135,without entrainment,19343,-1.9800327070124648,-44.34096762103908,-8.779364404592398
2022-12-27,-26.63315203513656,without entrainment,19353,-2.1023262943285665,-46.47756594340154,-5.381405839553366
2023-01-06,-20.334071237144165,without entrainment,19363,-2.172132884144052,-37.14833254074832,-0.781724676021712
2023-01-16,-5.082110401680858,without entrainment,19373,-2.1559784166490985,-23.69824062914531,10.859835522159958
2023-01-26,-13.608125138050335,without entrainment,19383,-2.0385061473616353,-32.83792739086883,4.355860009770046
2023-02-05,-9.433320087570584,without entrainment,19393,-1.8357240648998565,-30.79914280119335,6.995319584707672
2023-02-15,-5.00534358233877,without entrainment,19403,-1.5636401578819572,-21.61598535231468,11.963111055241084
2023-02-25,2.1189539484606157,without entrainment,19413,-1.2382624149261323,-15.718887450728873,21.827467426628303
2023-03-07,1.3446321530085938,without entrainment,19423,-0.875598824650576,-17.15424973631561,19.89094549534018
2023-03-17,1.317479374090766,without entrainment,19433,-0.49165737567348344,-14.604975722692691,18.522299839421194
2023-03-27,3.272017510498789,without entrainment,19443,-0.1024460566130487,-14.208666550129871,16.121577981777858
2023-04-06,15.51229162313768,without entrainment,19453,0.27602714391253397,-1.0765779089164913,29.08413352121044
2023-04-16,21.919444657747984,without entrainment,19463,0.6277542372850689,9.985073972003438,35.73209536860317
2023-04-26,26.785303638351856,without entrainment,19473,0.9367272348863623,14.32604759818691,40.76214282034209
2023-05-06,19.215806618272453,without entrainment,19483,1.1869381480982195,6.230593884148519,34.32950651821492
2023-05-16,18.517803528222892,without entrainment,19493,1.3623789883024457,4.895510360648513,32.078975054713375
2023-05-26,30.556749157547888,without entrainment,19503,1.4470417668808462,16.386086083996908,43.976220941080754
2023-06-05,36.59608241038342,without entrainment,19513,1.454462052667903,22.548900787499537,50.42488256998137
2023-06-15,28.08000924493078,without entrainment,19523,1.4146792694198107,13.367756791993207,39.10058366747901
2023-06-25,10.339085414603362,without entrainment,19533,1.3364412109009438,-2.38777200821549,24.645257748141383
2023-07-05,7.688450094393277,without entrainment,19543,1.228495670875677,-5.931363615325557,20.189597787817014
2023-07-15,11.58932546454292,without entrainment,19553,1.0995904431083852,2.2995566339559956,22.38791387700964
2023-07-25,16.008122024034112,without entrainment,19563,0.9584733213634424,6.2324905391093415,25.489482907286888
2023-08-04,12.175722019767829,without entrainment,19573,0.8138920994052238,1.6219988999824253,22.641538260941978
2023-08-14,14.490263773317443,without entrainment,19583,0.6745945709981037,2.337254979640833,25.237447918202875
2023-08-24,1.7485507386860306,without entrainment,19593,0.549328529906457,-14.846449208110883,16.208836205620997
2023-09-03,-3.343913344795152,without entrainment,19603,0.4468417698946579,-20.960249317110833,14.59289333769444
2023-09-13,-15.874849002637196,without entrainment,19613,0.3758820847270816,-34.046402232641604,3.1395563893100267
2023-09-23,-9.54716249858052,without entrainment,19623,0.34519726816810226,-32.73371968234846,13.042379184156436
2023-10-03,-11.862214470858762,without entrainment,19633,0.3635351139820947,-40.49557664546529,13.16738333204263
2023-10-13,-13.805483965847111,without entrainment,19643,0.40983406970341224,-39.98194728285829,11.789684315562022
2023-10-23,-24.051897819683685,without entrainment,19653,0.45517370801562945,-47.27245809865464,6.232202952477947
2023-11-02,-29.618522725725633,without entrainment,19663,0.4965135104069519,-51.50210037163108,1.0644733197198224
2023-11-12,-16.395060020135876,without entrainment,19673,0.530812958365586,-39.910648838594035,21.152959308664258
2023-11-22,6.287529033004799,without entrainment,19683,0.5550315333797373,-23.56483854807716,31.637665276995204
2023-12-02,-1.729264749446679,without entrainment,19693,0.5661287169376121,-26.324607764399886,28.344764073825868
2023-12-12,-9.312566152615862,without entrainment,19703,0.5610639905274164,-41.42078989865323,22.67643681380431
2023-12-22,-23.845598466449452,without entrainment,19713,0.5367968356373561,-48.61484696695902,7.748193961395847
2024-01-01,-6.743564113905339,without entrainment,19723,0.490286733755637,-38.15153916741077,30.700481735603006
2024-01-11,-16.416922869656,without entrainment,19733,0.41849316637046535,-48.319889355230515,17.512058580387215
2024-01-21,-32.05194018597433,without entrainment,19743,0.31837561497004696,-53.601812298581194,5.001278757057752
2024-01-31,-45.362377592933356,without entrainment,19753,0.18689356104258806,-57.088446513967206,-8.296307169564015
2024-02-10,-42.054551916563454,without entrainment,19763,0.021006486076294073,-53.95263439566591,-6.411242698718394
2024-02-20,-17.54712049509008,without entrainment,19773,-0.18232612844062834,-50.26707468453293,17.716770968296128
2024-03-01,-8.374506123507805,without entrainment,19783,-0.40636161391099446,-39.407439633547966,19.3186423368885
2024-03-11,8.59878716597201,without entrainment,19793,-0.6312682620120047,-17.457713221445513,37.67308139882249
2024-03-21,9.492643434214338,without entrainment,19803,-0.8554530316670317,-12.648109414600151,32.52423924536498
2024-03-31,19.94865975850563,without entrainment,19813,-1.0773228817994482,-4.225381062160209,39.95639891042963
2024-04-10,25.887759582025296,without entrainment,19823,-1.2952847713326268,1.5956062283219747,43.5977736523956
2024-04-20,27.509231479875513,without entrainment,19833,-1.5077456591899396,6.492938944666605,46.193726295197614
2024-04-30,29.493510079913886,without entrainment,19843,-1.71311250429476,8.895338047351586,46.643910300908445
2024-05-10,24.99317054119039,without entrainment,19853,-1.9097922655704604,10.726332968437033,40.69916330661671
2024-05-20,25.902522797631995,without entrainment,19863,-2.0961919019404136,10.586352379871823,39.32596510242516
2024-05-30,28.597673209987228,without entrainment,19873,-2.270718372327991,18.08260431536359,40.363131520357875
2024-06-09,24.837534693605875,without entrainment,19883,-2.4317786356565674,15.273158071340433,35.84929278009
2024-06-19,16.6575424190322,without entrainment,19893,-2.5777796508495134,8.94117136536735,25.373775651642738
2024-06-29,14.368946510368861,without entrainment,19903,-2.707128376830203,7.396412774662818,21.65783319101196
2024-07-09,15.011279488329183,without entrainment,19913,-2.8450940003624554,7.066108355799782,21.702766469788553
2024-07-19,13.017368398650532,without entrainment,19923,-3.0135908845935115,5.257948347272441,19.91977978343637
2024-07-29,4.527170398240086,without entrainment,19933,-3.2059937530218736,-3.4677480494465094,12.082098955678244
2024-08-08,-7.420589821074418,without entrainment,19943,-3.4156773291460474,-15.669786878023551,1.773526951911098
2024-08-18,-4.514640573337111,without entrainment,19953,-3.636016336464535,-11.962294714132925,2.083602349829958
2024-08-28,-10.19061538948501,without entrainment,19963,-3.8603854984758397,-16.845196490290753,-3.087647265591878
2024-09-07,-3.873613873887449,without entrainment,19973,-4.082159538678466,-12.62926063107908,6.446915538913772
2024-09-17,-10.048661020275105,without entrainment,19983,-4.294713180570917,-22.547838114221193,3.0910676768489496
2024-09-27,-19.295673065803854,without entrainment,19993,-4.491421147651698,-32.84979189404771,-4.222969112269423
2024-10-07,-17.09846230322043,without entrainment,20003,-4.665658163419308,-34.668865079814495,-0.8153794130803407
2024-10-17,-25.910158943219052,without entrainment,20013,-4.810798951372255,-47.28575321923664,-5.383501863262787
2024-10-27,-17.88028261342777,without entrainment,20023,-4.92021823500904,-45.1968516926232,11.21297678440997
2024-11-06,-32.85462703828989,without entrainment,20033,-4.987290737828168,-53.456604346793704,-3.4486238491712236
2024-11-16,-35.765118270800826,without entrainment,20043,-5.005391183328142,-54.81431484088168,-4.971166583254219
2024-11-26,-32.97200219736033,without entrainment,20053,-4.960556576496839,-55.30101378602069,10.247435844458883
2024-12-06,-40.90832001611251,without entrainment,20063,-4.85245617314862,-54.87830923216006,7.997928965160014
2024-12-16,-44.14859586550957,without entrainment,20073,-4.69491307302172,-55.729193762175285,2.5652125256391525
2024-12-26,-52.74751297653438,without entrainment,20083,-4.501750375854376,-57.68964805917258,-10.151109084868533
2025-01-05,-16.759457472399692,without entrainment,20093,-4.286791181384821,-52.101176609142456,30.85459201862492
2025-01-15,-22.744992088610935,without entrainment,20103,-4.06385858935129,-54.62439719587603,33.70756407212288
2025-01-25,-14.023406039831297,without entrainment,20113,-3.846775699492019,-50.82527131074499,31.90075568082911
2025-02-04,-23.55940869699494,without entrainment,20123,-3.6493656115452406,-55.560605991080934,46.196182314522986
2025-02-14,-6.674981333030132,without entrainment,20133,-3.4854514252491904,-49.74150932413731,47.43214445081823
2025-02-24,-10.973926838941543,without entrainment,20143,-3.3688562403421036,-44.28689228319753,44.887607322033375
2025-03-06,-2.2107223943416785,without entrainment,20153,-3.313403156562215,-47.83307407535261,50.24454216143096
2025-03-16,3.590575099889622,without entrainment,20163,-3.3329152736477585,-43.23153215672145,51.75335437111134
2025-03-26,26.568753570553575,without entrainment,20173,-3.4412156913369696,-27.45730687415827,75.34179030129046
2025-04-05,5.524206064716447,without entrainment,20183,-3.600693021797309,-43.66623544902071,50.33138653863112
2025-04-15,15.722563364683669,without entrainment,20193,-3.7658160529249307,-20.049900915782793,56.48356386025687
2025-04-25,22.116951520526037,without entrainment,20203,-3.9385281480511103,-15.602876761709366,67.14904727426644
2025-05-05,47.8239675379002,without entrainment,20213,-4.120772670507125,8.925050794484207,94.86869029295761
2025-05-15,50.471762320138716,without entrainment,20223,-4.314492983624251,20.286051482996605,79.72345011812395
2025-05-25,26.43572293877819,without entrainment,20233,-4.521632450733761,-1.6109431973663464,50.20549357957578
2025-06-04,18.207822766633143,without entrainment,20243,-4.744134435166934,-2.5155513312352986,38.162126156556084
2025-06-14,14.037164155988554,without entrainment,20253,-4.983942300255046,-1.210840156938167,31.0336370812872
2025-06-24,21.57606994513402,without entrainment,20263,-5.24299940932937,8.817208763440876,32.73360989358404
2025-07-04,21.374308564841765,without entrainment,20273,-5.523249125721183,10.652970589965504,31.351721156226596
2025-07-14,10.14080969769093,without entrainment,20283,-5.826634812761762,-2.3571601477798994,22.353727763522734
2025-07-24,6.99366981502038,without entrainment,20293,-6.155099833782382,-3.3398247872437583,17.056446370467505
2025-08-03,-1.1838744789646696,without entrainment,20303,-6.510587552114318,-10.710010072266648,6.938622246721257
2025-08-13,7.3908387816685295,without entrainment,20313,-6.898751155980556,-3.3116276587562368,20.100866266842246
2025-08-23,3.4534121273549054,without entrainment,20323,-7.322861656523373,-6.483316144437935,14.640137894622871
2025-09-02,-3.4065139372129978,without entrainment,20333,-7.781289151452977,-12.898841603032237,6.7400590253217025
2025-09-12,-10.552013957668027,without entrainment,20343,-8.272403738479582,-20.271620379561025,1.5605458600720423
2025-09-22,-12.543423202781517,without entrainment,20353,-8.794575515313392,-24.9037582218392,-0.631264043918458
2025-10-02,-6.897383446057953,without entrainment,20363,-9.346174579664625,-24.532261649670914,10.188580496011495
2025-10-12,-9.629169727796494,without entrainment,20373,-9.925571029243486,-34.81280065209211,10.786487799069103
2025-10-22,-12.101280487892485,without entrainment,20383,-10.53113496176019,-31.45463265178733,12.737688024757459
2025-11-01,-25.755718151493976,without entrainment,20393,-11.161236474924943,-50.7129454170727,6.4463334070276614
2025-11-11,-20.566883473450236,without entrainment,20403,-11.81424566644796,-49.643486640741436,11.779927936287402
2025-11-21,-28.897222341482994,without entrainment,20413,-12.488532634039446,-52.70335189870051,0.7712502336417167
2025-12-01,-45.00664853502276,without entrainment,20423,-13.18246747540962,-54.78537987010632,-5.058787806778372
2025-12-11,-53.87060186123633,without entrainment,20433,-13.894420288268684,-56.332535604418474,-1.0207562896107087
